123liuziming,80
1pkg,53
50U10FCA7,22
91pavan,33
aabmass,1271
aalexand,183
aarvee11,30
adithya-r-nathan,27
adity1raut,37
AdityaS8804,26
adriangb,133
adrielp,596
aepfli,20
afonsonf,22
agardnerIT,28
ajatprabha,20
akahn,24
akats7,215
AkhigbeEromo,31
aknuds1,43
akstron,61
alanwest,535
AlaricWhitney,24
albertlockett,448
AlchemyDing,22
AlexanderWert,93
alexmojaki,274
alexvanboxel,85
AlixBa,86
alizenhom,56
Allex1,55
Amoolaa,22
AndrejKiri,85
andremm,31
andrzej-stencel,1380
Andygol,32
andykellr,61
Aneurysm9,139
Ankit152,47
ankitpatel96,57
an-mmx,47
Annosha,90
ansman,45
antonblock,24
antonfirsov,21
anujnegi270,26
anuraaga,225
araiu,25
areebahmeddd,23
ArielDemarco,94
arielvalentin,615
arminru,459
arpitjindal97,27
arshukla98,60
ArthurSens,1206
arun-annamalai,46
ary82,32
aryabharat,24
AsakerMohd,130
ash2k,22
AsuNa-jp,40
asweet-confluent,27
athre0z,154
atoulme,6792
austinlparker,390
avillela,154
axw,1415
bacherfl,495
badhon495,34
bantonsson,169
basiratkareem,26
basti1302,32
batuhansk,22
beaubelgrave,32
Beccamak,34
BeElectronicSakshi,23
beeme1mr,43
bencehornak,101
bertysentry,94
bhaskarbanerjee,44
bhavnajindal,21
bidetofevil,211
BinaryFissionGames,84
bintus-ux,117
bjandras,20
Blinkuu,61
blumamir,116
B-Mahdj,35
bmiguel-teixeira,48
bobstrecansky,212
boekkooi-impossiblecloud,50
bogdandrutu,3707
bogdan-st,37
bohub12,29
bourbonkk,20
bozzelliandrea,21
braydonk,592
breedx-splk,2481
brettmc,1413
brunobat,67
bryannaegele,432
bryce-b,614
bwplotka,55
c1ly,48
carlosalberto,382
carsonip,687
carsontham,41
cartermp,465
cb645j,32
cbos,31
cedricziel,75
celian-garcia,219
cforce,54
chalin,3726
chancancode,265
chan-tim-sumo,63
CharlieTLe,100
cheempz,37
chengchuanpeng,31
chenlujjj,139
ChrisLightfootWild,288
ChristianCiach,40
christophe-kamphaus-jemmic,236
christos68k,1178
ChrsMark,1369
chukunx,20
chusitoo,125
cijothomas,5801
Cirilla-zmh,124
cjihrig,47
clementduveau,27
cleverchuk,73
clhain,60
CodeBlanch,1381
codeboten,3551
codefromthecrypt,405
CodePrometheus,34
colelaven,28
constanca-m,439
cparkins,20
create2000,22
crobert-1,1170
csatib02,28
cuichenli,254
cyrille-leclerc,209
damemi,295
danielgblanco,661
danielpacak,23
danifitz,30
danschultzer,65
dashpole,1567
daviddahl,157
davidhaja,44
david-luna,766
dbarker,610
ddas09,31
debjotyms,26
deejay1,39
dehaansa,500
deividasstr,23
DIANAAJAMBO,28
didiViking,57
dimaqq,42
dimastbk,37
dineshg13,72
diurnalist,21
djaglowski,1468
djluck,26
dkarlovi,22
dlopes7,38
dloucasfx,67
dmathieu,5942
dmitryax,2716
dol,24
DominicDetta,47
douglascamata,332
dpaasman00,110
drewby,127
drewcorlin1,22
drewrelmas,699
dumunari,77
Duncan-tree-zhou,46
dyladan,854
Dylan-M,21
DylanRussell,381
e5l,31
echlebek,59
edma2,37
edmocosta,737
edsoncelio,32
ElfoLiNk,20
emdneto,1621
erichmachado,21
ericmustin,47
Erog38,86
ethandmd,21
evan-bradley,1704
evgenyfedorov2,46
ezhang6811,41
EzzioMoreira,411
FabianMeiswinkel,53
fabled,815
fandreuz,96
fatsheep9146,130
fbogsany,39
feldentm-SAP,23
felixbarny,120
felixge,141
ferd,132
Fiery-Fenix,56
FilipNikolovski,22
flc1125,664
florianl,1886
fractalwrench,75
fraillt,142
franciscovalentecastro,50
francois07,28
Frapschen,148
freshchen,45
frzifus,315
Gandem,35
garysassano,105
gaur-piyush,28
genadipost,21
gizas,49
gjasny,23
gnurizen,138
gotjosh,32
gouslu,25
Grandys,24
gravufo,24
grcevski,549
gregkalapos,22
GregMefford,66
gruebel,246
GrzegorzDrozd,27
guillaumep,50
gyliu513,347
h0cheung,43
HaloFour,31
hannahhaering,34
hannahramadan,79
haoqixu,33
harshitrjpt,29
hdost,104
hectorhdzg,120
HeenaBansal20,127
heitorganzeli,40
heyams,138
hgaol,178
horovits,32
hostejulien,27
howan36,31
iblancasa,1082
IbraheemA,54
IgorEulalio,27
iguitton,51
immavalls,23
intuibase,40
ishleenk17,33
IshwarKanse,88
iskiselev,36
ItalyPaleAle,23
ItielOlenick,29
itsvshreyas,29
jack-berg,3019
jackgopack4,585
jackshirazi,38
JacksonWeber,136
jade-guiton-dd,898
jamesmoessis,194
JamesNK,66
JamieDanielson,261
jan-xyz,23
JaredTan95,159
jaronoff97,1638
jaydeluca,1017
jcocchi,49
jcpunk,22
jcreixell,23
JDUNNIN,28
jeanbisutti,316
jelly-afk,20
JennySimen,20
jerbly,430
jeremydvoss,91
jeromelaban,22
jerrytfleung,76
Jesse-Bonfire,21
jhalliday,66
jherbage,53
jinja2,185
jj22ee,237
jkwatson,792
jlcrow,20
jmacd,1599
jmichalek132,277
joaopgrassi,668
joegoldman2,116
johannaojeling,48
johnleslie,79
joker-star-l,39
jomcgi,122
JonasKunz,337
jordivilaseca,28
josepcorrea,22
jpkrohling,624
jpmunz,125
jschaf,22
jsoref,100
jsuereth,1777
jsvd,30
jterapin,26
julealgon,26
julianocosta89,1394
justinianvoss22,23
jvoravong,81
kaisecheng,51
kakkoyun,84
kamphaus,176
Karlie-777,73
KarstenSchnitter,35
karthikscale3,78
katzchang,77
Kavindu-Dodan,26
kaylareopelle,1578
kcsurapaneni,53
keisku,26
keith-decker,59
kemsguy7,23
KenEkanem,23
kevinnoel-be,40
khushijain21,107
Kielek,4106
Kludex,337
kohbis,28
korniltsev,227
krajorama,112
krak3n,25
krisztianfekete,40
krol3,58
kuiperda,26
kuisathaverat,53
kyo-ke,22
KyriosGN0,31
lachmatt,170
lahsivjar,321
lalitb,2936
larrys,29
laurit,5160
legendecas,52
leykin-valeriy,30
lhp-nemlig,20
LikeTheSalad,833
LisaHJung,34
lmolkova,4883
Logiraptor,27
lopes-felipe,30
lquerel,1686
lucacasonato,23
LucaLanziani,33
LucianoGiannotti,22
lukaszgryglicki,25
luke6Lh43,30
lukeina2z,82
lzchen,962
LZiHaN,45
mackjmr,151
macno,21
macolby42,20
madaraszg-tulip,21
mahadzaryab1,20
mahendrabishnoi2,53
maindotmarcell,58
malkia,31
malus2077,42
mamunto,34
mar4uk,95
marandaneto,237
marcalff,1796
marcinsiennicki95,22
marclop,53
marctc,97
mariomac,661
martin308,21
martincostello,710
martinjt,45
martinkuba,96
martintmk,39
martinyonatann,27
maryliag,1030
masonedmison,38
mattbodd,28
matt-hensley,88
MattiasDC,33
mattsains,109
mauri870,111
maxday,43
mercybassey,45
meswapnilk,31
michael-burt,115
MichaelKatsoulis,23
michaelli321,21
michaelsafyan,468
michal-kazmierczak,29
michel-laterman,113
mike9421,39
mikeblum,29
MikeGoldsmith,106
minimAluminiumalism,59
minuk-dev,32
mjlshen,45
mladjan-gadzic,46
mlenkeit,35
mmanciop,31
mmat11,113
mohammadVatandoost,41
moh-osman3,26
MovieStoreGuy,921
mowies,900
moxious,22
MrAlias,11330
mrsillydog,44
mrsimo,23
msalib,22
ms-jcorley,112
Msksgm,519
MSNev,258
mterhar,64
mtwo,152
muhammad-othman,27
muskan2622,23
mviitane,71
mwear,201
mxiamxia,22
mx-psi,5528
my-git9,36
mznet,22
Nabil-Salah,40
nachoBonafonte,282
naftaly,29
naman-jain-15,27
namco1992,43
narcis96,96
NassimBtk,58
nenadnoveljic,54
Nevay,170
NickAnge,53
nicolastakashi,67
nikhilbhatia08,56
nikhilmantri0902,48
nimanikoo,26
NimrodAvni78,92
nirga,34
nithinputhenveettil,20
niwoerner,21
NN---,32
nrcventura,152
oayras,25
Oberon00,48
odubajDT,521
oertl,25
ogaca-dd,21
OhJuhun,23
olamideTiana,81
oldium,28
OlegZv,36
ollym,22
Oloruntobi1,30
onurkybsi,38
onurtemizkan,32
outergod,37
overbalance,21
overbit,21
owent,408
patricklafrance,26
paullegranddc,29
paulojmdias,112
paulomorgado,27
pavelsavara,30
pavolloffay,699
pdelewski,189
peffis,21
pellared,5471
pentp,20
pepeshore,20
perebaj,283
PeterF778,154
petern48,58
PhilemonBrain,28
pichlermarc,2761
pierceroberts,30
pitoniak32,176
pjanotti,721
pjfanning,33
pmcollins,91
portertech,80
ppittle,154
prabhakarjuzgar,32
pragmaticivan,115
PRATIBHA-Moogi,20
pree-dew,62
prestonvasquez,83
ps48,75
psandana,155
psx95,198
ptodev,29
puckpuck,580
quentinmit,36
r0mdau,37
rads-1996,52
rafaelroquetto,294
rajkumar-rangaraj,1194
rakesh-garimella,47
ralf0131,125
raphael-theriault-swi,111
rapphil,37
RassK,323
Red-GV,41
reese-lee,59
reyang,1262
rice-junhaoyu,47
RichardChukwu,282
RichieSams,50
ridwanmsharif,201
rjduffner,60
rlankfo,82
rnishtala-sumo,157
robertlaurin,90
robsunday,301
rockdaboot,1239
rogercoll,786
RomainMuller,58
RonFed,521
RononDex,20
rrschulze,37
sablancoleis,30
sahidvelji,26
sajibAdhi,50
samiura,131
samuelcolvin,36
samwright,22
sandy2008,78
sbylica-splunk,26
scbjans,27
Schm1tz1,22
schmikei,77
scorpionknifes,32
scottgerring,562
seankhliao,42
seemk,87
SentryMan,36
seongpil0948,38
SergeyKleyman,33
serkan-ozal,521
sfc-gh-bdrutu,86
sfc-gh-jopel,21
sfc-gh-sili,243
sh0rez,103
shalevr,27
shalk,85
shalper2,76
ShiningMassXAcc,27
ShipraJain01,83
shivanshuraj1333,68
shivanthzen,41
shuheiktgw,36
simitt,22
SimonCropp,60
sincejune,443
singankit,78
sirianni,24
sjinks,69
skandragon,31
skl,33
smaddock,108
smith,58
smoke,32
snakefoot,22
sonalgaud12,108
songy23,4646
sourabh1007,195
SpencerTorres,85
spiffyy99,49
SrdjanLL,32
srikanthccv,81
srinivasvenkatabevara,23
srprash,38
StefanKurek,72
StephanSalas,23
stevejgordon,60
steverao,351
stormshield-fabs,25
sudarshan12s,106
sudiptob2,25
sujalshah-bit,22
surbhiia,61
suresh-target,24
SusanGithaigaN,29
svetlanabrennan,38
svrnm,3000
sv-splunk,36
swiatekm,2055
SylvainJuge,720
syron,24
t00mas,42
tammy-baylis-swi,557
TaoChenOSU,48
tarun-kavipurapu,25
taylorhelene,32
tedsuo,206
thefirstofthe300,36
theletterf,1025
theSuess,30
thompson-tomo,870
ThomsonTan,487
tiffany76,1542
tigrannajaryan,1248
TimothyMothra,373
tisonkun,21
titaneric,44
tjcw,27
tk3fftk,20
tomatopunk,30
TommyCpp,146
tongoss,89
tpaschalis,24
trask,9840
trentm,1597
trisch-me,170
trivikr,95
tsint,71
tsloughter,314
tttoad,32
txabman42,27
tylerbenson,456
TylerHelmuth,2435
umanwizard,51
utpilla,1935
vasantteja,74
vasireddy99,24
VenuEmmadi,90
Victorsesan,86
vigneshshanmugam,50
VihasMakwana,778
villadalmine,39
Vinaum8,79
vipinvkmenon,67
vitorvasc,712
vordimous,27
Vovcharaa,22
vvydier,34
wildum,23
williazz,25
windsonsea,136
wl2027,52
wmdanor,42
wojtekzyla,30
wpessers,91
wrisa,85
Wudadada,32
xiang17,274
xiangtianyu,23
xiepuhuan,83
xiu,24
xrmx,2796
XSAM,471
xuan-cao-swi,204
XuechunHou,85
xzizka,22
y1yang0,150
yaten2302,29
ycchuang99,24
yiquanzhou,31
yiyuan-he,49
ymotongpoo,409
ymtdzzz,32
yonch,274
yotamloe,23
ysolomchenko,182
ytnsym,35
yuanyuanzhao3,42
yugo-ibuki,43
yumosx,124
yuriolisa,106
yurishkuro,453
YuriyHolinko,34
ywwg,177
zacharycmontoya,125
zdyj3170101136,21
zeitlinger,1141
zhengkezhou1,28
zirain,34
zurex,59
zvkemp,39
zzhlogin,21

